de_grid_id,city_name,population,avg_age,expected_parcels
1kmN3332E4232,"Bremen, Stadt",3.0,34.6,1120.694
1kmN3323E4248,"Bremen, Stadt",10.0,36.92,283.71000000000004
1kmN3324E4241,"Bremen, Stadt",975.0,38.22,22194.65
1kmN3324E4242,"Bremen, Stadt",685.0,40.67,16864.68
1kmN3324E4243,"Bremen, Stadt",752.0,47.24,17994.4
1kmN3324E4244,"Bremen, Stadt",351.0,47.2,9189.17
1kmN3325E4235,"Bremen, Stadt",107.0,42.78,2876.76
1kmN3325E4236,"Bremen, Stadt",105.0,40.4,2810.98
1kmN3325E4241,"Bremen, Stadt",3380.0,44.76,87834.71
1kmN3325E4242,"Bremen, Stadt",7727.0,40.01,187785.49
1kmN3325E4243,"Bremen, Stadt",4554.0,47.46,115336.77
1kmN3325E4244,"Bremen, Stadt",171.0,46.66,4163.49
1kmN3325E4245,"Bremen, Stadt",21.0,32.31,189.51
1kmN3325E4248,"Bremen, Stadt",396.0,40.74,9181.130000000001
1kmN3325E4249,"Bremen, Stadt",211.0,39.16,4762.57
1kmN3325E4250,"Bremen, Stadt",1704.0,46.91,44046.55
1kmN3325E4251,"Bremen, Stadt",42.0,52.09,651.21
1kmN3326E4234,"Bremen, Stadt",271.0,48.51,6900.4400000000005
1kmN3326E4235,"Bremen, Stadt",5199.0,41.34,131702.82
1kmN3326E4236,"Bremen, Stadt",3484.0,41.43,84582.11
1kmN3326E4241,"Bremen, Stadt",3947.0,45.5,103305.09999999999
1kmN3326E4242,"Bremen, Stadt",3969.0,40.9,96663.30000000002
1kmN3326E4243,"Bremen, Stadt",3300.0,47.85,82631.20000000001
1kmN3326E4244,"Bremen, Stadt",2298.0,45.66,57112.28
1kmN3326E4246,"Bremen, Stadt",1705.0,40.71,42540.990000000005
1kmN3326E4247,"Bremen, Stadt",2521.0,40.56,60756.740000000005
1kmN3326E4248,"Bremen, Stadt",3705.0,47.77,96643.09999999999
1kmN3326E4249,"Bremen, Stadt",2795.0,41.31,69777.18
1kmN3326E4250,"Bremen, Stadt",2206.0,44.26,55487.630000000005
1kmN3326E4251,"Bremen, Stadt",91.0,44.6,2570.7400000000002
1kmN3327E4234,"Bremen, Stadt",2933.0,42.17,73387.98
1kmN3327E4235,"Bremen, Stadt",3379.0,40.83,82413.09
1kmN3327E4236,"Bremen, Stadt",2937.0,40.95,70380.23
1kmN3327E4237,"Bremen, Stadt",243.0,53.1,6875.8
1kmN3327E4238,"Bremen, Stadt",449.0,47.54,10687.5
1kmN3327E4239,"Bremen, Stadt",19.0,33.22,520.29
1kmN3327E4240,"Bremen, Stadt",25.0,23.26,474.19
1kmN3327E4241,"Bremen, Stadt",2818.0,39.35,71016.39
1kmN3327E4242,"Bremen, Stadt",1076.0,41.54,25261.539999999997
1kmN3327E4243,"Bremen, Stadt",1779.0,46.13,43668.850000000006
1kmN3327E4244,"Bremen, Stadt",1797.0,48.55,48596.740000000005
1kmN3327E4245,"Bremen, Stadt",7.0,27.76,854.4528
1kmN3327E4246,"Bremen, Stadt",3709.0,40.14,92320.53000000001
1kmN3327E4247,"Bremen, Stadt",3367.0,38.75,82203.39
1kmN3327E4248,"Bremen, Stadt",866.0,45.88,21469.989999999998
1kmN3327E4249,"Bremen, Stadt",8.0,71.29,255.42
1kmN3327E4250,"Bremen, Stadt",2338.0,42.65,57631.82000000001
1kmN3327E4251,"Bremen, Stadt",103.0,48.36,2550.89
1kmN3327E4252,"Bremen, Stadt",37.0,44.38,559.82
1kmN3328E4234,"Bremen, Stadt",1793.0,43.8,45020.45
1kmN3328E4235,"Bremen, Stadt",2874.0,39.21,69124.12
1kmN3328E4236,"Bremen, Stadt",4269.0,40.96,103081.34
1kmN3328E4237,"Bremen, Stadt",1112.0,49.39,28567.999999999996
1kmN3328E4238,"Bremen, Stadt",1116.0,46.82,27775.42
1kmN3328E4239,"Bremen, Stadt",1520.0,41.06,41489.15
1kmN3328E4240,"Bremen, Stadt",8381.0,41.57,221948.43
1kmN3328E4241,"Bremen, Stadt",4744.0,41.43,123372.59
1kmN3328E4242,"Bremen, Stadt",136.0,35.26,3290.6100000000006
1kmN3328E4243,"Bremen, Stadt",316.0,47.82,7819.780000000001
1kmN3328E4244,"Bremen, Stadt",559.0,45.69,14762.24
1kmN3328E4245,"Bremen, Stadt",2075.0,42.82,54644.840000000004
1kmN3328E4246,"Bremen, Stadt",4251.0,40.26,107446.83
1kmN3328E4247,"Bremen, Stadt",668.0,44.31,18491.37
1kmN3328E4248,"Bremen, Stadt",2030.0,43.04,52961.94
1kmN3328E4249,"Bremen, Stadt",3118.0,43.5,77351.28
1kmN3328E4250,"Bremen, Stadt",5787.0,42.37,145174.5
1kmN3328E4251,"Bremen, Stadt",3034.0,39.25,72943.81
1kmN3329E4234,"Bremen, Stadt",30.0,39.93,994.17
1kmN3329E4236,"Bremen, Stadt",112.0,17.85,1655.2700000000002
1kmN3329E4237,"Bremen, Stadt",290.0,47.85,6567.66
1kmN3329E4238,"Bremen, Stadt",443.0,45.86,10842.32
1kmN3329E4239,"Bremen, Stadt",9969.0,39.21,268707.63999999996
1kmN3329E4240,"Bremen, Stadt",12719.0,40.08,349111.32
1kmN3329E4241,"Bremen, Stadt",3373.0,44.99,91986.16
1kmN3329E4242,"Bremen, Stadt",7120.0,42.22,194878.16999999998
1kmN3329E4243,"Bremen, Stadt",8733.0,45.36,231086.7
1kmN3329E4244,"Bremen, Stadt",6984.0,44.45,188011.02
1kmN3329E4245,"Bremen, Stadt",4673.0,41.89,118258.67
1kmN3329E4246,"Bremen, Stadt",3549.0,44.47,90352.22
1kmN3329E4247,"Bremen, Stadt",972.0,48.02,25649.980000000003
1kmN3329E4248,"Bremen, Stadt",1082.0,49.5,28491.910000000003
1kmN3329E4249,"Bremen, Stadt",4812.0,48.5,128639.98
1kmN3329E4250,"Bremen, Stadt",6077.0,41.89,150559.78999999998
1kmN3329E4251,"Bremen, Stadt",2427.0,34.8,53812.01000000001
1kmN3330E4234,"Bremen, Stadt",65.0,41.73,1190.0400000000002
1kmN3330E4235,"Bremen, Stadt",35.0,46.52,1049.48
1kmN3330E4236,"Bremen, Stadt",8.0,59.31,221.73000000000002
1kmN3330E4237,"Bremen, Stadt",41.0,44.46,636.02
1kmN3330E4238,"Bremen, Stadt",3196.0,43.78,82883.94
1kmN3330E4239,"Bremen, Stadt",2141.0,38.28,56608.85999999999
1kmN3330E4240,"Bremen, Stadt",5198.0,40.21,145007.88
1kmN3330E4241,"Bremen, Stadt",6624.0,41.99,181283.67999999996
1kmN3330E4242,"Bremen, Stadt",13046.0,41.71,355298.27
1kmN3330E4243,"Bremen, Stadt",6069.0,44.17,163312.31
1kmN3330E4244,"Bremen, Stadt",4073.0,44.12,106393.76999999999
1kmN3330E4245,"Bremen, Stadt",3936.0,47.13,103421.65
1kmN3330E4246,"Bremen, Stadt",5345.0,47.76,141171.15
1kmN3330E4247,"Bremen, Stadt",6526.0,41.15,162035.38999999998
1kmN3330E4248,"Bremen, Stadt",2704.0,44.59,68457.11
1kmN3330E4249,"Bremen, Stadt",3667.0,43.51,90647.26999999999
1kmN3330E4250,"Bremen, Stadt",3546.0,41.67,86051.15
1kmN3331E4232,"Bremen, Stadt",51.0,44.8,836.3100000000001
1kmN3331E4233,"Bremen, Stadt",83.0,44.72,1608.94
1kmN3331E4234,"Bremen, Stadt",37.0,48.3,541.71
1kmN3331E4235,"Bremen, Stadt",3.0,15.06,0.0
1kmN3331E4237,"Bremen, Stadt",2986.0,42.31,77763.22
1kmN3331E4238,"Bremen, Stadt",3999.0,40.98,105192.08
1kmN3331E4239,"Bremen, Stadt",1839.0,37.71,46318.49
1kmN3331E4240,"Bremen, Stadt",5095.0,41.01,137205.35
1kmN3331E4241,"Bremen, Stadt",4128.0,37.74,109137.01000000001
1kmN3331E4242,"Bremen, Stadt",6237.0,45.1,166620.21
1kmN3331E4243,"Bremen, Stadt",7058.0,44.31,183653.14
1kmN3331E4244,"Bremen, Stadt",6562.0,44.28,170554.76
1kmN3331E4245,"Bremen, Stadt",4454.0,45.27,115155.18
1kmN3331E4246,"Bremen, Stadt",5466.0,40.4,134664.39
1kmN3331E4247,"Bremen, Stadt",3962.0,40.01,95568.66
1kmN3331E4248,"Bremen, Stadt",444.0,48.14,10598.400000000001
1kmN3331E4249,"Bremen, Stadt",1139.0,53.88,28739.75
1kmN3331E4250,"Bremen, Stadt",1518.0,45.97,37218.45
1kmN3332E4231,"Bremen, Stadt",118.0,47.52,2324.48
1kmN3332E4236,"Bremen, Stadt",204.0,47.83,5351.610000000001
1kmN3332E4237,"Bremen, Stadt",2503.0,46.09,67349.78
1kmN3332E4238,"Bremen, Stadt",2150.0,34.26,50817.61
1kmN3332E4239,"Bremen, Stadt",11292.0,40.85,296923.87
1kmN3332E4240,"Bremen, Stadt",8916.0,41.37,240940.64999999997
1kmN3332E4241,"Bremen, Stadt",10426.0,44.34,277282.26
1kmN3332E4242,"Bremen, Stadt",1565.0,48.11,42155.2
1kmN3332E4243,"Bremen, Stadt",6258.0,44.43,167229.63
1kmN3332E4244,"Bremen, Stadt",2843.0,45.8,73233.55
1kmN3332E4245,"Bremen, Stadt",3246.0,50.38,85372.88999999998
1kmN3332E4246,"Bremen, Stadt",3027.0,41.67,76813.39000000001
1kmN3332E4247,"Bremen, Stadt",2740.0,46.13,67702.48999999999
1kmN3332E4248,"Bremen, Stadt",1462.0,48.63,34625.82
1kmN3332E4249,"Bremen, Stadt",823.0,52.37,19325.42
1kmN3332E4250,"Bremen, Stadt",389.0,48.8,8117.030000000001
1kmN3332E4251,"Bremen, Stadt",9.0,30.0,923.4
1kmN3333E4231,"Bremen, Stadt",12.0,48.66,424.59
1kmN3333E4232,"Bremen, Stadt",3.0,57.68,85.14
1kmN3333E4237,"Bremen, Stadt",1955.0,36.49,53726.55
1kmN3333E4238,"Bremen, Stadt",339.0,42.44,8452.75
1kmN3333E4239,"Bremen, Stadt",7916.0,41.68,206738.06
1kmN3333E4240,"Bremen, Stadt",3806.0,40.76,97558.76000000001
1kmN3333E4241,"Bremen, Stadt",3561.0,48.39,93274.35
1kmN3333E4242,"Bremen, Stadt",1199.0,48.4,31285.95
1kmN3333E4243,"Bremen, Stadt",380.0,36.0,10982.79
1kmN3333E4244,"Bremen, Stadt",2724.0,31.38,75807.08
1kmN3333E4245,"Bremen, Stadt",4196.0,45.78,111459.93000000001
1kmN3333E4246,"Bremen, Stadt",3724.0,44.86,94484.95
1kmN3333E4247,"Bremen, Stadt",2540.0,45.73,61992.36
1kmN3333E4248,"Bremen, Stadt",661.0,50.95,15331.68
1kmN3333E4249,"Bremen, Stadt",9.0,43.57,85.14
1kmN3333E4250,"Bremen, Stadt",33.0,42.78,760.86
1kmN3333E4251,"Bremen, Stadt",18.0,46.48,449.37
1kmN3334E4233,"Bremen, Stadt",15.0,52.51,85.14
1kmN3334E4234,"Bremen, Stadt",457.0,40.74,9967.43
1kmN3334E4235,"Bremen, Stadt",165.0,44.71,4060.5
1kmN3334E4236,"Bremen, Stadt",9.0,46.89,97.17
1kmN3334E4237,"Bremen, Stadt",4825.0,38.93,119531.19
1kmN3334E4238,"Bremen, Stadt",9356.0,39.74,234196.76999999996
1kmN3334E4239,"Bremen, Stadt",928.0,37.93,21365.699999999997
1kmN3326E4237,"Bremen, Stadt",9.0,59.32,85.14
1kmN3334E4240,"Bremen, Stadt",92.0,51.95,1033.95
1kmN3337E4238,"Bremen, Stadt",3.0,23.38,92.33999999999999
1kmN3341E4234,"Bremen, Stadt",3295.0,43.66,83730.52
1kmN3334E4241,"Bremen, Stadt",65.0,55.93,783.6899999999999
1kmN3334E4242,"Bremen, Stadt",18.0,54.06,471.01
1kmN3334E4243,"Bremen, Stadt",51.0,45.44,1371.28
1kmN3334E4244,"Bremen, Stadt",9.0,39.37,89.37
1kmN3334E4246,"Bremen, Stadt",3463.0,43.76,91848.92
1kmN3334E4247,"Bremen, Stadt",3478.0,45.36,87957.01999999999
1kmN3334E4248,"Bremen, Stadt",504.0,45.48,12393.96
1kmN3334E4249,"Bremen, Stadt",9.0,36.63,221.73000000000002
1kmN3335E4232,"Bremen, Stadt",110.0,46.14,2123.4500000000003
1kmN3335E4233,"Bremen, Stadt",220.0,42.77,5937.340000000001
1kmN3335E4234,"Bremen, Stadt",69.0,37.89,1674.69
1kmN3335E4236,"Bremen, Stadt",59.0,38.37,1614.69
1kmN3335E4237,"Bremen, Stadt",6842.0,39.77,173125.64
1kmN3335E4238,"Bremen, Stadt",4509.0,38.88,111153.71000000002
1kmN3335E4240,"Bremen, Stadt",3.0,70.0,1986.6
1kmN3335E4241,"Bremen, Stadt",9.0,46.7,1440.6950000000002
1kmN3335E4245,"Bremen, Stadt",64.0,46.76,1456.37
1kmN3335E4246,"Bremen, Stadt",1615.0,38.15,37386.09
1kmN3335E4247,"Bremen, Stadt",3394.0,45.25,87282.08
1kmN3335E4248,"Bremen, Stadt",1092.0,47.31,27588.08
1kmN3335E4249,"Bremen, Stadt",9.0,34.95,271.68
1kmN3335E4252,"Bremen, Stadt",20.0,56.92,465.51
1kmN3336E4230,"Bremen, Stadt",3.0,47.01,1450.2585
1kmN3336E4231,"Bremen, Stadt",5.0,38.61,1250.5779
1kmN3336E4235,"Bremen, Stadt",1351.0,31.85,29094.42
1kmN3336E4236,"Bremen, Stadt",5094.0,42.36,127953.10999999999
1kmN3336E4237,"Bremen, Stadt",3105.0,39.26,80972.35
1kmN3336E4244,"Bremen, Stadt",34.0,45.39,1140.09
1kmN3336E4245,"Bremen, Stadt",20.0,56.7,441.57000000000005
1kmN3336E4246,"Bremen, Stadt",524.0,39.1,11119.15
1kmN3336E4247,"Bremen, Stadt",780.0,43.78,17928.48
1kmN3336E4248,"Bremen, Stadt",254.0,45.2,6229.630000000001
1kmN3336E4249,"Bremen, Stadt",27.0,44.38,751.98
1kmN3336E4250,"Bremen, Stadt",24.0,35.38,501.0
1kmN3336E4251,"Bremen, Stadt",21.0,40.94,496.20000000000005
1kmN3336E4252,"Bremen, Stadt",95.0,51.17,2126.47
1kmN3337E4229,"Bremen, Stadt",17.0,58.66,332.07
1kmN3337E4230,"Bremen, Stadt",4.0,31.25,136.59
1kmN3337E4234,"Bremen, Stadt",263.0,36.43,6047.610000000001
1kmN3337E4235,"Bremen, Stadt",753.0,43.16,18387.29
1kmN3337E4236,"Bremen, Stadt",1552.0,42.02,38004.18
1kmN3337E4237,"Bremen, Stadt",40.0,48.05,914.0699999999999
1kmN3337E4243,"Bremen, Stadt",14.0,50.35,174.51
1kmN3337E4244,"Bremen, Stadt",34.0,39.84,1017.39
1kmN3337E4247,"Bremen, Stadt",86.0,44.38,2114.7
1kmN3337E4248,"Bremen, Stadt",66.0,53.6,1982.21
1kmN3337E4249,"Bremen, Stadt",72.0,44.06,1696.94
1kmN3337E4250,"Bremen, Stadt",51.0,42.66,1004.0999999999999
1kmN3337E4251,"Bremen, Stadt",25.0,57.9,255.42
1kmN3338E4229,"Bremen, Stadt",18.0,49.29,174.51
1kmN3338E4234,"Bremen, Stadt",1766.0,39.4,41375.56
1kmN3338E4235,"Bremen, Stadt",2025.0,46.54,52569.58
1kmN3338E4239,"Bremen, Stadt",8.0,34.19,85.14
1kmN3338E4243,"Bremen, Stadt",33.0,46.56,838.81
1kmN3338E4250,"Bremen, Stadt",38.0,35.48,651.12
1kmN3339E4229,"Bremen, Stadt",30.0,47.64,385.99
1kmN3339E4230,"Bremen, Stadt",64.0,48.74,1455.8400000000001
1kmN3339E4231,"Bremen, Stadt",59.0,47.81,1221.8700000000001
1kmN3339E4232,"Bremen, Stadt",42.0,64.01,938.64
1kmN3339E4233,"Bremen, Stadt",200.0,49.11,5238.87
1kmN3339E4234,"Bremen, Stadt",1757.0,47.63,45569.2
1kmN3339E4235,"Bremen, Stadt",753.0,46.08,19284.62
1kmN3339E4238,"Bremen, Stadt",28.0,42.97,314.07
1kmN3339E4239,"Bremen, Stadt",21.0,46.07,406.83000000000004
1kmN3339E4240,"Bremen, Stadt",22.0,50.65,367.86
1kmN3339E4241,"Bremen, Stadt",13.0,51.31,182.31
1kmN3339E4242,"Bremen, Stadt",56.0,44.25,541.9200000000001
1kmN3339E4243,"Bremen, Stadt",48.0,37.69,906.3
1kmN3340E4228,"Bremen, Stadt",81.0,45.32,2059.25
1kmN3340E4229,"Bremen, Stadt",3552.0,37.11,79517.07
1kmN3340E4230,"Bremen, Stadt",2547.0,42.83,66056.73999999999
1kmN3340E4231,"Bremen, Stadt",3147.0,42.46,80929.29999999999
1kmN3340E4232,"Bremen, Stadt",897.0,50.25,23494.4
1kmN3340E4233,"Bremen, Stadt",1309.0,48.96,33622.479999999996
1kmN3340E4234,"Bremen, Stadt",1632.0,46.46,42811.46
1kmN3340E4235,"Bremen, Stadt",122.0,39.62,3052.14
1kmN3340E4236,"Bremen, Stadt",82.0,41.43,1835.7599999999998
1kmN3340E4237,"Bremen, Stadt",26.0,45.15,318.90000000000003
1kmN3340E4238,"Bremen, Stadt",21.0,35.61,277.8
1kmN3340E4239,"Bremen, Stadt",5.0,26.42,189.51
1kmN3340E4240,"Bremen, Stadt",4.0,54.6,1626.534
1kmN3340E4241,"Bremen, Stadt",3.0,46.31,1428.6635
1kmN3341E4226,"Bremen, Stadt",113.0,23.07,2123.4
1kmN3341E4227,"Bremen, Stadt",1586.0,41.19,42057.58
1kmN3341E4228,"Bremen, Stadt",4317.0,45.58,112302.6
1kmN3341E4229,"Bremen, Stadt",2628.0,45.17,67649.1
1kmN3341E4230,"Bremen, Stadt",2811.0,40.86,68646.45000000001
1kmN3341E4231,"Bremen, Stadt",2582.0,46.89,66839.72
1kmN3341E4232,"Bremen, Stadt",2347.0,47.32,62172.85
1kmN3341E4233,"Bremen, Stadt",3456.0,46.15,89521.13
1kmN3341E4235,"Bremen, Stadt",5391.0,40.73,132352.56
1kmN3341E4236,"Bremen, Stadt",162.0,51.14,3920.2
1kmN3342E4224,"Bremen, Stadt",1293.0,43.19,33390.130000000005
1kmN3342E4225,"Bremen, Stadt",3545.0,37.05,82708.92
1kmN3342E4226,"Bremen, Stadt",610.0,43.19,14729.939999999999
1kmN3342E4227,"Bremen, Stadt",4032.0,47.51,103497.6
1kmN3342E4228,"Bremen, Stadt",3872.0,45.83,99518.31
1kmN3342E4229,"Bremen, Stadt",4248.0,41.63,105033.95999999999
1kmN3342E4230,"Bremen, Stadt",1508.0,48.83,36636.39
1kmN3342E4231,"Bremen, Stadt",85.0,73.41,2151.42
1kmN3342E4233,"Bremen, Stadt",977.0,47.86,25619.699999999997
1kmN3342E4234,"Bremen, Stadt",564.0,45.79,14319.259999999998
1kmN3342E4235,"Bremen, Stadt",1112.0,47.2,28389.93
1kmN3342E4236,"Bremen, Stadt",26.0,34.82,763.2099999999999
1kmN3343E4222,"Bremen, Stadt",146.0,50.73,3986.1800000000003
1kmN3343E4223,"Bremen, Stadt",2426.0,48.74,59431.42
1kmN3343E4224,"Bremen, Stadt",3138.0,40.64,77908.72
1kmN3343E4225,"Bremen, Stadt",4346.0,38.77,103809.87999999999
1kmN3343E4226,"Bremen, Stadt",42.0,51.62,951.9100000000001
1kmN3343E4227,"Bremen, Stadt",20.0,58.52,293.68
1kmN3343E4228,"Bremen, Stadt",952.0,41.74,22293.5
1kmN3343E4229,"Bremen, Stadt",1984.0,45.82,49172.26
1kmN3343E4230,"Bremen, Stadt",732.0,41.55,18190.96
1kmN3344E4222,"Bremen, Stadt",1215.0,45.04,30861.120000000003
1kmN3344E4223,"Bremen, Stadt",1169.0,45.63,29348.14
1kmN3344E4224,"Bremen, Stadt",2761.0,35.19,61770.130000000005
1kmN3344E4225,"Bremen, Stadt",5126.0,42.32,129093.33
1kmN3344E4226,"Bremen, Stadt",584.0,49.16,14901.640000000001
1kmN3344E4228,"Bremen, Stadt",90.0,39.63,1821.9
1kmN3345E4221,"Bremen, Stadt",963.0,46.54,25374.989999999998
1kmN3345E4222,"Bremen, Stadt",781.0,42.8,19215.14
1kmN3345E4223,"Bremen, Stadt",197.0,42.88,4422.31
1kmN3345E4225,"Bremen, Stadt",1043.0,45.89,26079.690000000002
1kmN3345E4226,"Bremen, Stadt",1735.0,42.56,41961.04
1kmN3345E4227,"Bremen, Stadt",8.0,44.45,85.14
1kmN3346E4221,"Bremen, Stadt",700.0,43.72,18028.01
1kmN3346E4226,"Bremen, Stadt",593.0,46.39,15138.2
1kmN3346E4227,"Bremen, Stadt",35.0,45.63,922.88
1kmN3347E4221,"Bremen, Stadt",698.0,50.49,18166.07
